Time,Demand,Temperature,Date,Holiday
2012-01-02T04:30:00Z,7055.279186,38.75,2012-01-02,True
2012-01-02T05:00:00Z,7146.87121,39.2,2012-01-02,True
2012-01-02T05:30:00Z,7261.476696,39.4,2012-01-02,True
2012-01-02T06:00:00Z,7300.065136,39.6,2012-01-02,True
2012-01-02T06:30:00Z,7345.24889,39.45,2012-01-02,True
2012-01-02T07:00:00Z,7276.420116,39.3,2012-01-02,True
2012-01-02T07:30:00Z,7193.165394,38.85,2012-01-02,True
2012-01-02T08:00:00Z,7049.715348,38.4,2012-01-02,True
2012-01-03T01:30:00Z,7000.039926,26.8,2012-01-03,False
2012-01-03T02:00:00Z,7057.821348,26.8,2012-01-03,False
2012-01-03T02:30:00Z,7065.063654,28.2,2012-01-03,False
2012-01-03T03:00:00Z,7052.804398,29.6,2012-01-03,False
2012-01-03T03:30:00Z,7065.234214,28.05,2012-01-03,False
2012-01-03T04:00:00Z,7024.425002,26.5,2012-01-03,False
2012-01-17T01:00:00Z,7071.619528,30.2,2012-01-17,False
2012-01-17T01:30:00Z,7187.141842,30.9,2012-01-17,False
2012-01-17T02:00:00Z,7336.167518,31.6,2012-01-17,False
2012-01-17T02:30:00Z,7474.540922,32.05,2012-01-17,False
2012-01-17T03:00:00Z,7587.458266,32.5,2012-01-17,False
2012-01-17T03:30:00Z,7684.066238,32.5,2012-01-17,False
2012-01-17T04:00:00Z,7767.20506,32.5,2012-01-17,False
2012-01-17T04:30:00Z,7835.793588,32.65,2012-01-17,False
2012-01-17T05:00:00Z,7887.91186,32.8,2012-01-17,False
2012-01-17T05:30:00Z,7921.306728,33.4,2012-01-17,False
2012-01-17T06:00:00Z,7926.233764,34.0,2012-01-17,False
2012-01-17T06:30:00Z,7806.482962,33.75,2012-01-17,False
2012-01-17T07:00:00Z,7593.07064,33.5,2012-01-17,False
2012-01-17T07:30:00Z,7430.294294,33.1,2012-01-17,False
2012-01-17T08:00:00Z,7183.617422,32.7,2012-01-17,False
2012-01-23T02:30:00Z,7055.112322,30.95,2012-01-23,False
2012-01-23T03:00:00Z,7174.83126,31.9,2012-01-23,False
2012-01-23T03:30:00Z,7289.658012,31.8,2012-01-23,False
2012-01-23T04:00:00Z,7400.472584,31.7,2012-01-23,False
2012-01-23T04:30:00Z,7477.762072,32.1,2012-01-23,False
2012-01-23T05:00:00Z,7569.996998,32.5,2012-01-23,False
2012-01-23T05:30:00Z,7648.548834,32.55,2012-01-23,False
2012-01-23T06:00:00Z,7638.44133,32.6,2012-01-23,False
2012-01-23T06:30:00Z,7560.655442,32.3,2012-01-23,False
2012-01-23T07:00:00Z,7365.158356,32.0,2012-01-23,False
2012-01-23T07:30:00Z,7223.090926,31.35,2012-01-23,False
2012-01-23T08:00:00Z,7009.31188,30.7,2012-01-23,False
2012-01-24T01:00:00Z,7018.541606,30.6,2012-01-24,False
2012-01-24T01:30:00Z,7168.407494,31.4,2012-01-24,False
2012-01-24T02:00:00Z,7332.023382,32.2,2012-01-24,False
2012-01-24T02:30:00Z,7511.556676,33.3,2012-01-24,False
2012-01-24T03:00:00Z,7639.647978,34.4,2012-01-24,False
2012-01-24T03:30:00Z,7728.591862,34.25,2012-01-24,False
2012-01-24T04:00:00Z,7804.15557,34.1,2012-01-24,False
2012-01-24T04:30:00Z,7899.73555,33.85,2012-01-24,False
2012-01-24T05:00:00Z,7980.640786,33.6,2012-01-24,False
2012-01-24T05:30:00Z,8071.631242,33.6,2012-01-24,False
2012-01-24T06:00:00Z,8059.685582,33.6,2012-01-24,False
2012-01-24T06:30:00Z,7966.170468,32.95,2012-01-24,False
2012-01-24T07:00:00Z,7718.665108,32.3,2012-01-24,False
2012-01-24T07:30:00Z,7508.42854,31.75,2012-01-24,False
2012-01-24T08:00:00Z,7218.29691,31.2,2012-01-24,False
2012-01-30T01:30:00Z,7089.624924,29.6,2012-01-30,False
2012-01-30T02:00:00Z,7172.050018,30.1,2012-01-30,False
2012-01-30T02:30:00Z,7205.591214,30.95,2012-01-30,False
2012-01-30T03:00:00Z,7285.254506,31.8,2012-01-30,False
2012-01-30T03:30:00Z,7266.716666,30.4,2012-01-30,False
2012-01-30T04:00:00Z,7187.170202,29.0,2012-01-30,False
2012-01-30T04:30:00Z,7097.4513,29.55,2012-01-30,False
2012-01-30T05:00:00Z,7051.827364,30.1,2012-01-30,False
2012-01-30T05:30:00Z,7025.13858,29.85,2012-01-30,False
2012-02-15T03:00:00Z,7024.389148,32.0,2012-02-15,False
2012-02-15T03:30:00Z,7127.12619,32.55,2012-02-15,False
2012-02-15T04:00:00Z,7193.372034,33.1,2012-02-15,False
2012-02-15T04:30:00Z,7278.54867,33.1,2012-02-15,False
2012-02-15T05:00:00Z,7400.177822,33.1,2012-02-15,False
2012-02-15T05:30:00Z,7437.564456,33.05,2012-02-15,False
2012-02-15T06:00:00Z,7371.933614,33.0,2012-02-15,False
2012-02-15T06:30:00Z,7259.403414,32.85,2012-02-15,False
2012-02-15T07:00:00Z,7025.66444,32.7,2012-02-15,False
2012-02-24T03:30:00Z,7069.534016,34.85,2012-02-24,False
2012-02-24T04:00:00Z,7164.390422,35.4,2012-02-24,False
2012-02-24T04:30:00Z,7318.99051,35.55,2012-02-24,False
2012-02-24T05:00:00Z,7507.46847,35.7,2012-02-24,False
2012-02-24T05:30:00Z,7636.218572,35.0,2012-02-24,False
2012-02-24T06:00:00Z,7660.009432,34.3,2012-02-24,False
2012-02-24T06:30:00Z,7647.905962,34.15,2012-02-24,False
2012-02-24T07:00:00Z,7477.956304,34.0,2012-02-24,False
2012-02-24T07:30:00Z,7331.046354,33.35,2012-02-24,False
2012-02-24T08:00:00Z,7082.531738,32.7,2012-02-24,False
2012-02-25T04:00:00Z,7026.918946,35.6,2012-02-25,False
2012-02-25T04:30:00Z,7155.180366,35.95,2012-02-25,False
2012-02-25T05:00:00Z,7274.530522,36.3,2012-02-25,False
2012-02-25T05:30:00Z,7385.62469,36.2,2012-02-25,False
2012-02-25T06:00:00Z,7384.85405,36.1,2012-02-25,False
2012-02-25T06:30:00Z,7399.551932,36.1,2012-02-25,False
2012-02-25T07:00:00Z,7321.965696,36.1,2012-02-25,False
2012-02-25T07:30:00Z,7218.912026,35.7,2012-02-25,False
2012-02-25T08:00:00Z,7043.871002,35.3,2012-02-25,False
2012-02-26T06:00:00Z,7013.348516,32.8,2012-02-26,False
2012-02-26T06:30:00Z,7057.280926,32.3,2012-02-26,False
2012-11-29T00:30:00Z,7030.10556,34.1,2012-11-29,False
2012-11-29T01:00:00Z,7221.66033,33.6,2012-11-29,False
2012-11-29T01:30:00Z,7377.277508,35.0,2012-11-29,False
2012-11-29T02:00:00Z,7537.211098,36.0,2012-11-29,False
2012-11-29T02:30:00Z,7693.51827,36.7,2012-11-29,False
2012-11-29T03:00:00Z,7835.689324,37.1,2012-11-29,False
2012-11-29T03:30:00Z,7965.159306,37.4,2012-11-29,False
2012-11-29T04:00:00Z,8058.843654,38.5,2012-11-29,False
2012-11-29T04:30:00Z,8186.791236,38.7,2012-11-29,False
2012-11-29T05:00:00Z,8355.02353,38.5,2012-11-29,False
2012-11-29T05:30:00Z,8440.687706,38.2,2012-11-29,False
2012-11-29T06:00:00Z,8443.314312,38.7,2012-11-29,False
2012-11-29T06:30:00Z,8404.172796,38.7,2012-11-29,False
2012-11-29T07:00:00Z,8224.652318,39.2,2012-11-29,False
2012-11-29T07:30:00Z,8035.329498,38.7,2012-11-29,False
2012-11-29T08:00:00Z,7649.936036,37.7,2012-11-29,False
2012-11-29T08:30:00Z,7387.423038,29.7,2012-11-29,False
2012-11-29T09:00:00Z,7165.209952,30.2,2012-11-29,False
2012-11-29T09:30:00Z,7098.09331,29.6,2012-11-29,False
2012-12-12T05:00:00Z,7094.851026,32.9,2012-12-12,False
2012-12-12T05:30:00Z,7192.253158,33.5,2012-12-12,False
2012-12-12T06:00:00Z,7207.18721,33.2,2012-12-12,False
2012-12-12T06:30:00Z,7104.103536,33.9,2012-12-12,False
2012-12-12T07:00:00Z,7009.699352,33.9,2012-12-12,False
2012-12-13T00:30:00Z,7093.69313,31.9,2012-12-13,False
2012-12-13T01:00:00Z,7201.934276,33.1,2012-12-13,False
2012-12-13T01:30:00Z,7337.503394,33.3,2012-12-13,False
2012-12-13T02:00:00Z,7487.641258,34.3,2012-12-13,False
2012-12-13T02:30:00Z,7638.661236,34.2,2012-12-13,False
2012-12-13T03:00:00Z,7727.531904,34.6,2012-12-13,False
2012-12-13T03:30:00Z,7750.408382,34.5,2012-12-13,False
2012-12-13T04:00:00Z,7703.940762,34.4,2012-12-13,False
2012-12-13T04:30:00Z,7643.409458,34.8,2012-12-13,False
2012-12-13T05:00:00Z,7144.056172,27.6,2012-12-13,False
2013-01-03T06:00:00Z,7012.438618,35.7,2013-01-03,False
2013-01-03T06:30:00Z,7052.743048,35.2,2013-01-03,False
2013-01-03T07:00:00Z,7017.914426,36.3,2013-01-03,False
2013-01-04T00:30:00Z,7010.3013,35.4,2013-01-04,False
2013-01-04T01:00:00Z,7197.154068,36.2,2013-01-04,False
2013-01-04T01:30:00Z,7387.755968,36.6,2013-01-04,False
2013-01-04T02:00:00Z,7517.84595,37.0,2013-01-04,False
2013-01-04T02:30:00Z,7634.956442,37.5,2013-01-04,False
2013-01-04T03:00:00Z,7789.696752,38.2,2013-01-04,False
2013-01-04T03:30:00Z,7920.350818,38.8,2013-01-04,False
2013-01-04T04:00:00Z,8050.439722,39.6,2013-01-04,False
2013-01-04T04:30:00Z,8112.173426,40.0,2013-01-04,False
2013-01-04T05:00:00Z,8167.436386,39.7,2013-01-04,False
2013-01-04T05:30:00Z,8299.684662,39.9,2013-01-04,False
2013-01-04T06:00:00Z,8311.875704,40.1,2013-01-04,False
2013-01-04T06:30:00Z,8300.277908,40.4,2013-01-04,False
2013-01-04T07:00:00Z,8159.56007,40.3,2013-01-04,False
2013-01-04T07:30:00Z,7991.094516,40.6,2013-01-04,False
2013-01-04T08:00:00Z,7876.237792,40.3,2013-01-04,False
2013-01-04T08:30:00Z,7760.718516,39.7,2013-01-04,False
2013-01-04T09:00:00Z,7528.983634,39.2,2013-01-04,False
2013-01-04T09:30:00Z,7352.427132,38.6,2013-01-04,False
2013-01-04T10:00:00Z,7197.348354,37.7,2013-01-04,False
2013-01-07T05:00:00Z,7082.257076,28.7,2013-01-07,False
2013-01-07T05:30:00Z,7230.715366,29.3,2013-01-07,False
2013-01-07T06:00:00Z,7278.484232,28.7,2013-01-07,False
2013-01-07T06:30:00Z,7238.275252,28.0,2013-01-07,False
2013-01-07T07:00:00Z,7054.848486,27.6,2013-01-07,False
2013-01-17T03:00:00Z,7095.9701,38.5,2013-01-17,False
2013-01-17T03:30:00Z,7236.99186,37.6,2013-01-17,False
2013-01-17T04:00:00Z,7378.547082,38.6,2013-01-17,False
2013-01-17T04:30:00Z,7567.023246,39.4,2013-01-17,False
2013-01-17T05:00:00Z,7750.33817,40.2,2013-01-17,False
2013-01-17T05:30:00Z,7936.064102,40.4,2013-01-17,False
2013-01-17T06:00:00Z,8013.518926,39.0,2013-01-17,False
2013-01-17T06:30:00Z,8095.119654,40.1,2013-01-17,False
2013-01-17T07:00:00Z,8015.054818,40.2,2013-01-17,False
2013-01-17T07:30:00Z,7988.308764,39.6,2013-01-17,False
2013-01-17T08:00:00Z,7867.67697,39.7,2013-01-17,False
2013-01-17T08:30:00Z,7741.831622,39.4,2013-01-17,False
2013-01-17T09:00:00Z,7534.152268,38.8,2013-01-17,False
2013-01-17T09:30:00Z,7335.55437,38.4,2013-01-17,False
2013-01-17T10:00:00Z,7153.683764,37.2,2013-01-17,False
2013-01-24T04:30:00Z,7082.65744,34.1,2013-01-24,False
2013-01-24T05:00:00Z,7190.615292,34.5,2013-01-24,False
2013-01-24T05:30:00Z,7298.810104,35.1,2013-01-24,False
2013-01-24T06:00:00Z,7371.05179,36.0,2013-01-24,False
2013-01-24T06:30:00Z,7433.841384,35.8,2013-01-24,False
2013-01-24T07:00:00Z,7297.855078,35.6,2013-01-24,False
2013-01-24T07:30:00Z,7221.582388,34.4,2013-01-24,False
2013-01-24T08:00:00Z,7056.086964,34.5,2013-01-24,False
2013-02-06T03:30:00Z,7116.738964,35.1,2013-02-06,False
2013-02-06T04:00:00Z,7213.19879,35.7,2013-02-06,False
2013-02-06T04:30:00Z,7393.283356,35.2,2013-02-06,False
2013-02-06T05:00:00Z,7596.695994,35.5,2013-02-06,False
2013-02-06T05:30:00Z,7736.072738,36.1,2013-02-06,False
2013-02-06T06:00:00Z,7750.664364,35.8,2013-02-06,False
2013-02-06T06:30:00Z,7679.430378,36.9,2013-02-06,False
2013-02-06T07:00:00Z,7469.672484,35.9,2013-02-06,False
2013-02-06T07:30:00Z,7319.517624,35.7,2013-02-06,False
2013-02-06T08:00:00Z,7141.124896,35.5,2013-02-06,False
2013-02-07T04:30:00Z,7069.994112,30.0,2013-02-07,False
2013-02-07T05:00:00Z,7209.261398,28.4,2013-02-07,False
2013-02-07T05:30:00Z,7259.589022,26.2,2013-02-07,False
2013-02-07T06:00:00Z,7221.55376,27.7,2013-02-07,False
2013-02-07T06:30:00Z,7125.676266,27.4,2013-02-07,False
2013-02-14T04:30:00Z,7081.696276,32.5,2013-02-14,False
2013-02-14T05:00:00Z,7139.374184,32.5,2013-02-14,False
2013-02-14T05:30:00Z,7105.20446,31.7,2013-02-14,False
2013-02-15T05:30:00Z,7061.480012,29.7,2013-02-15,False
2013-02-15T06:00:00Z,7053.969828,29.2,2013-02-15,False
2013-02-15T06:30:00Z,7023.048048,31.1,2013-02-15,False
2013-02-18T01:00:00Z,7038.36828,30.7,2013-02-18,False
2013-02-18T01:30:00Z,7227.928842,32.1,2013-02-18,False
2013-02-18T02:00:00Z,7396.886218,31.7,2013-02-18,False
2013-02-18T02:30:00Z,7593.990416,32.5,2013-02-18,False
2013-02-18T03:00:00Z,7758.58758,33.9,2013-02-18,False
2013-02-18T03:30:00Z,7884.469202,34.3,2013-02-18,False
2013-02-18T04:00:00Z,7959.800462,35.1,2013-02-18,False
2013-02-18T04:30:00Z,8088.159624,35.2,2013-02-18,False
2013-02-18T05:00:00Z,8321.93897,35.3,2013-02-18,False
2013-02-18T05:30:00Z,8443.370486,36.4,2013-02-18,False
2013-02-18T06:00:00Z,8429.908534,35.4,2013-02-18,False
2013-02-18T06:30:00Z,8365.499606,35.5,2013-02-18,False
2013-02-18T07:00:00Z,8183.106818,35.3,2013-02-18,False
2013-02-18T07:30:00Z,8027.978664,35.4,2013-02-18,False
2013-02-18T08:00:00Z,7785.106294,34.4,2013-02-18,False
2013-02-18T08:30:00Z,7547.46708,34.0,2013-02-18,False
2013-02-18T09:00:00Z,7340.721404,33.4,2013-02-18,False
2013-02-18T09:30:00Z,7240.783568,32.9,2013-02-18,False
2013-02-25T01:00:00Z,7062.082384,27.4,2013-02-25,False
2013-02-25T01:30:00Z,7242.256836,28.4,2013-02-25,False
2013-02-25T02:00:00Z,7403.356664,28.6,2013-02-25,False
2013-02-25T02:30:00Z,7534.173742,27.1,2013-02-25,False
2013-02-25T03:00:00Z,7656.3609,26.8,2013-02-25,False
2013-02-25T03:30:00Z,7723.634372,27.4,2013-02-25,False
2013-02-25T04:00:00Z,7728.86593,27.1,2013-02-25,False
2013-02-25T04:30:00Z,7742.538488,27.6,2013-02-25,False
2013-02-25T05:00:00Z,7778.179448,26.3,2013-02-25,False
2013-03-05T05:00:00Z,7153.670306,32.7,2013-03-05,False
2013-03-05T05:30:00Z,7280.80249,32.6,2013-03-05,False
2013-03-05T06:00:00Z,7292.66807,33.0,2013-03-05,False
2013-03-05T06:30:00Z,7249.891274,31.9,2013-03-05,False
2013-03-05T07:00:00Z,7027.813558,32.5,2013-03-05,False
2013-03-06T03:00:00Z,7119.02873,32.2,2013-03-06,False
2013-03-06T03:30:00Z,7226.171944,32.5,2013-03-06,False
2013-03-06T04:00:00Z,7262.075276,32.7,2013-03-06,False
2013-03-06T04:30:00Z,7448.078264,33.0,2013-03-06,False
2013-03-06T05:00:00Z,7587.634412,33.3,2013-03-06,False
2013-03-06T05:30:00Z,7742.62353,32.8,2013-03-06,False
2013-03-06T06:00:00Z,7812.098526,32.9,2013-03-06,False
2013-03-06T06:30:00Z,7741.631164,33.3,2013-03-06,False
2013-03-06T07:00:00Z,7508.91247,32.8,2013-03-06,False
2013-03-06T07:30:00Z,7363.448948,32.8,2013-03-06,False
2013-03-06T08:00:00Z,7107.686808,32.1,2013-03-06,False
2013-03-07T01:00:00Z,7100.00895,33.1,2013-03-07,False
2013-03-07T01:30:00Z,7241.0772,33.6,2013-03-07,False
2013-03-07T02:00:00Z,7402.379996,34.3,2013-03-07,False
2013-03-07T02:30:00Z,7546.307278,34.2,2013-03-07,False
2013-03-07T03:00:00Z,7708.69501,34.7,2013-03-07,False
2013-03-07T03:30:00Z,7814.277554,33.2,2013-03-07,False
2013-03-07T04:00:00Z,7856.281572,33.9,2013-03-07,False
2013-03-07T04:30:00Z,7964.841154,34.1,2013-03-07,False
2013-03-07T05:00:00Z,8094.937926,34.2,2013-03-07,False
2013-03-07T05:30:00Z,8130.72941,33.9,2013-03-07,False
2013-03-07T06:00:00Z,8066.9999,33.6,2013-03-07,False
2013-03-07T06:30:00Z,7932.715962,33.0,2013-03-07,False
2013-03-07T07:00:00Z,7660.10547,31.2,2013-03-07,False
2013-03-07T07:30:00Z,7404.328026,29.8,2013-03-07,False
2013-03-07T08:00:00Z,7129.275596,28.7,2013-03-07,False
2013-03-08T02:00:00Z,7134.193092,30.1,2013-03-08,False
2013-03-08T02:30:00Z,7290.67803,30.5,2013-03-08,False
2013-03-08T03:00:00Z,7433.03468,29.5,2013-03-08,False
2013-03-08T03:30:00Z,7558.44453,30.9,2013-03-08,False
2013-03-08T04:00:00Z,7643.94712,31.4,2013-03-08,False
2013-03-08T04:30:00Z,7759.38119,31.7,2013-03-08,False
2013-03-08T05:00:00Z,7913.061612,32.2,2013-03-08,False
2013-03-08T05:30:00Z,7969.214186,31.7,2013-03-08,False
2013-03-08T06:00:00Z,7982.67683,32.4,2013-03-08,False
2013-03-08T06:30:00Z,7898.266076,32.7,2013-03-08,False
2013-03-08T07:00:00Z,7644.630116,30.7,2013-03-08,False
2013-03-08T07:30:00Z,7414.389088,30.8,2013-03-08,False
2013-03-08T08:00:00Z,7146.561808,31.5,2013-03-08,False
2013-03-08T08:30:00Z,7009.18291,31.9,2013-03-08,False
2013-03-11T04:30:00Z,7096.361006,35.5,2013-03-11,True
2013-03-11T05:00:00Z,7235.578038,36.3,2013-03-11,True
2013-03-11T05:30:00Z,7422.67848,36.1,2013-03-11,True
2013-03-11T06:00:00Z,7492.171704,36.2,2013-03-11,True
2013-03-11T06:30:00Z,7523.53595,35.9,2013-03-11,True
2013-03-11T07:00:00Z,7424.71557,36.0,2013-03-11,True
2013-03-11T07:30:00Z,7308.574072,34.8,2013-03-11,True
2013-03-11T08:00:00Z,7103.050318,34.0,2013-03-11,True
2013-03-12T00:00:00Z,7187.30703,30.7,2013-03-12,False
2013-03-12T00:30:00Z,7385.543084,31.5,2013-03-12,False
2013-03-12T01:00:00Z,7582.615796,31.9,2013-03-12,False
2013-03-12T01:30:00Z,7794.067714,32.8,2013-03-12,False
2013-03-12T02:00:00Z,7998.805812,34.2,2013-03-12,False
2013-03-12T02:30:00Z,8164.41466,34.0,2013-03-12,False
2013-03-12T03:00:00Z,8282.687992,34.3,2013-03-12,False
2013-03-12T03:30:00Z,8389.515924,35.0,2013-03-12,False
2013-03-12T04:00:00Z,8467.207234,35.0,2013-03-12,False
2013-03-12T04:30:00Z,8558.34072,35.2,2013-03-12,False
2013-03-12T05:00:00Z,8751.949008,35.3,2013-03-12,False
2013-03-12T05:30:00Z,8882.93302,36.0,2013-03-12,False
2013-03-12T06:00:00Z,8897.406016,35.5,2013-03-12,False
2013-03-12T06:30:00Z,8786.874836,35.7,2013-03-12,False
2013-03-12T07:00:00Z,8588.795464,35.3,2013-03-12,False
2013-03-12T07:30:00Z,8418.353054,34.9,2013-03-12,False
2013-03-12T08:00:00Z,8146.614534,34.3,2013-03-12,False
2013-03-12T08:30:00Z,7970.808692,33.8,2013-03-12,False
2013-03-12T09:00:00Z,7818.990376,33.2,2013-03-12,False
2013-03-12T09:30:00Z,7602.74075,32.7,2013-03-12,False
2013-03-12T10:00:00Z,7265.650158,32.1,2013-03-12,False
2013-03-27T03:30:00Z,7043.378962,33.8,2013-03-27,False
2013-03-27T04:00:00Z,7105.957544,34.1,2013-03-27,False
2013-03-27T04:30:00Z,7181.486614,34.4,2013-03-27,False
2013-03-27T05:00:00Z,7317.92957,35.1,2013-03-27,False
2013-03-27T05:30:00Z,7408.46588,35.3,2013-03-27,False
2013-03-27T06:00:00Z,7345.308842,35.4,2013-03-27,False
2013-03-27T06:30:00Z,7177.140126,35.0,2013-03-27,False
2013-12-02T04:30:00Z,7075.165756,34.1,2013-12-02,False
2013-12-02T05:00:00Z,7248.522688,34.9,2013-12-02,False
2013-12-02T05:30:00Z,7345.166664,35.4,2013-12-02,False
2013-12-02T06:00:00Z,7313.048048,35.3,2013-12-02,False
2013-12-02T06:30:00Z,7166.209594,35.1,2013-12-02,False
2013-12-19T01:30:00Z,7176.449684,37.4,2013-12-19,False
2013-12-19T02:00:00Z,7336.8093,37.6,2013-12-19,False
2013-12-19T02:30:00Z,7484.161832,38.7,2013-12-19,False
2013-12-19T03:00:00Z,7636.53353,39.3,2013-12-19,False
2013-12-19T03:30:00Z,7758.533066,39.0,2013-12-19,False
2013-12-19T04:00:00Z,7855.253476,39.0,2013-12-19,False
2013-12-19T04:30:00Z,7960.174556,39.1,2013-12-19,False
2013-12-19T05:00:00Z,8096.971196,39.1,2013-12-19,False
2013-12-19T05:30:00Z,8155.540908,39.0,2013-12-19,False
2013-12-19T06:00:00Z,8104.955186,37.2,2013-12-19,False
2013-12-19T06:30:00Z,8047.387436,37.7,2013-12-19,False
2013-12-19T07:00:00Z,7862.595782,35.4,2013-12-19,False
2013-12-19T07:30:00Z,7696.676112,34.8,2013-12-19,False
2013-12-19T08:00:00Z,7479.143242,32.8,2013-12-19,False
2013-12-19T08:30:00Z,7228.783084,31.3,2013-12-19,False
2014-01-10T05:30:00Z,7019.610498,33.4,2014-01-10,False
2014-01-10T06:00:00Z,7037.339106,33.9,2014-01-10,False
2014-01-10T06:30:00Z,7031.995738,34.0,2014-01-10,False
2014-01-13T05:30:00Z,7101.948996,29.9,2014-01-13,False
2014-01-13T06:00:00Z,7193.651984,30.0,2014-01-13,False
2014-01-13T06:30:00Z,7219.620338,29.7,2014-01-13,False
2014-01-13T07:00:00Z,7117.700828,30.0,2014-01-13,False
2014-01-13T07:30:00Z,7072.260744,28.9,2014-01-13,False
2014-01-13T23:30:00Z,7108.011652,35.5,2014-01-14,False
2014-01-14T00:00:00Z,7365.814368,36.3,2014-01-14,False
2014-01-14T00:30:00Z,7646.293276,37.3,2014-01-14,False
2014-01-14T01:00:00Z,7865.123048,37.7,2014-01-14,False
2014-01-14T01:30:00Z,8081.805538,38.6,2014-01-14,False
2014-01-14T02:00:00Z,8281.299776,39.6,2014-01-14,False
2014-01-14T02:30:00Z,8436.11171,40.3,2014-01-14,False
2014-01-14T03:00:00Z,8555.179324,40.9,2014-01-14,False
2014-01-14T03:30:00Z,8637.256826,40.8,2014-01-14,False
2014-01-14T04:00:00Z,8727.28768,41.1,2014-01-14,False
2014-01-14T04:30:00Z,8861.15585,41.4,2014-01-14,False
2014-01-14T05:00:00Z,8970.305342,42.4,2014-01-14,False
2014-01-14T05:30:00Z,9090.553034,42.2,2014-01-14,False
2014-01-14T06:00:00Z,9107.072566,42.0,2014-01-14,False
2014-01-14T06:30:00Z,9073.337732,41.9,2014-01-14,False
2014-01-14T07:00:00Z,8915.367272,41.6,2014-01-14,False
2014-01-14T07:30:00Z,8853.661228,41.1,2014-01-14,False
2014-01-14T08:00:00Z,8617.664138,40.7,2014-01-14,False
2014-01-14T08:30:00Z,8431.504682,40.5,2014-01-14,False
2014-01-14T09:00:00Z,8207.660618,36.8,2014-01-14,False
2014-01-14T09:30:00Z,8086.467752,35.9,2014-01-14,False
2014-01-14T10:00:00Z,7957.97525,35.9,2014-01-14,False
2014-01-14T10:30:00Z,7636.912388,36.4,2014-01-14,False
2014-01-14T11:00:00Z,7176.14631,35.5,2014-01-14,False
2014-01-14T21:30:00Z,7182.95852,33.4,2014-01-15,False
2014-01-14T22:00:00Z,7498.85556,35.2,2014-01-15,False
2014-01-14T22:30:00Z,7766.43008,36.2,2014-01-15,False
2014-01-14T23:00:00Z,7951.284914,37.1,2014-01-15,False
2014-01-14T23:30:00Z,8108.040656,36.2,2014-01-15,False
2014-01-15T00:00:00Z,8360.792914,37.8,2014-01-15,False
2014-01-15T00:30:00Z,8556.773432,37.5,2014-01-15,False
2014-01-15T01:00:00Z,8698.237038,38.6,2014-01-15,False
2014-01-15T01:30:00Z,8838.070052,40.2,2014-01-15,False
2014-01-15T02:00:00Z,8956.461248,39.7,2014-01-15,False
2014-01-15T02:30:00Z,9042.728714,41.5,2014-01-15,False
2014-01-15T03:00:00Z,9096.485062,41.2,2014-01-15,False
2014-01-15T03:30:00Z,9130.034244,39.3,2014-01-15,False
2014-01-15T04:00:00Z,9131.37259,37.8,2014-01-15,False
2014-01-15T04:30:00Z,9177.818776,37.3,2014-01-15,False
2014-01-15T05:00:00Z,9177.872914,38.1,2014-01-15,False
2014-01-15T05:30:00Z,9168.625516,36.5,2014-01-15,False
2014-01-15T06:00:00Z,9080.668122,35.6,2014-01-15,False
2014-01-15T06:30:00Z,8996.730262,35.2,2014-01-15,False
2014-01-15T07:00:00Z,8709.87007,33.4,2014-01-15,False
2014-01-15T07:30:00Z,8501.75363,32.1,2014-01-15,False
2014-01-15T08:00:00Z,8198.883992,30.8,2014-01-15,False
2014-01-15T08:30:00Z,7991.735696,31.6,2014-01-15,False
2014-01-15T09:00:00Z,7712.494868,29.0,2014-01-15,False
2014-01-15T09:30:00Z,7520.815342,30.2,2014-01-15,False
2014-01-15T10:00:00Z,7348.328248,29.0,2014-01-15,False
2014-01-15T10:30:00Z,7068.129308,27.7,2014-01-15,False
2014-01-15T22:00:00Z,7280.78583,31.8,2014-01-16,False
2014-01-15T22:30:00Z,7595.484692,33.2,2014-01-16,False
2014-01-15T23:00:00Z,7902.904904,34.8,2014-01-16,False
2014-01-15T23:30:00Z,8177.012966,36.7,2014-01-16,False
2014-01-16T00:00:00Z,8387.696846,38.5,2014-01-16,False
2014-01-16T00:30:00Z,8580.081918,39.2,2014-01-16,False
2014-01-16T01:00:00Z,8749.838834,40.0,2014-01-16,False
2014-01-16T01:30:00Z,8923.410284,39.8,2014-01-16,False
2014-01-16T02:00:00Z,9036.792124,40.9,2014-01-16,False
2014-01-16T02:30:00Z,9068.050928,41.3,2014-01-16,False
2014-01-16T03:00:00Z,9079.125954,41.8,2014-01-16,False
2014-01-16T03:30:00Z,9148.799978,41.8,2014-01-16,False
2014-01-16T04:00:00Z,9195.59493,43.2,2014-01-16,False
2014-01-16T04:30:00Z,9231.626954,42.3,2014-01-16,False
2014-01-16T05:00:00Z,9276.271638,41.2,2014-01-16,False
2014-01-16T05:30:00Z,9338.16312,38.6,2014-01-16,False
2014-01-16T06:00:00Z,9345.004346,38.8,2014-01-16,False
2014-01-16T06:30:00Z,9281.08847,40.7,2014-01-16,False
2014-01-16T07:00:00Z,9111.896422,41.0,2014-01-16,False
2014-01-16T07:30:00Z,8900.662,40.6,2014-01-16,False
2014-01-16T08:00:00Z,8652.57894,38.5,2014-01-16,False
2014-01-16T08:30:00Z,8458.72124,37.4,2014-01-16,False
2014-01-16T09:00:00Z,8320.992244,29.9,2014-01-16,False
2014-01-16T09:30:00Z,8228.216046,32.6,2014-01-16,False
2014-01-16T10:00:00Z,8061.275616,34.6,2014-01-16,False
2014-01-16T10:30:00Z,7760.252972,34.6,2014-01-16,False
2014-01-16T11:00:00Z,7305.974026,31.0,2014-01-16,False
2014-01-16T21:30:00Z,7106.874538,33.4,2014-01-17,False
2014-01-16T22:00:00Z,7463.105938,34.5,2014-01-17,False
2014-01-16T22:30:00Z,7723.226334,35.2,2014-01-17,False
2014-01-16T23:00:00Z,7967.333556,35.9,2014-01-17,False
2014-01-16T23:30:00Z,8212.60353,36.8,2014-01-17,False
2014-01-17T00:00:00Z,8392.123486,37.5,2014-01-17,False
2014-01-17T00:30:00Z,8602.64379,38.5,2014-01-17,False
2014-01-17T01:00:00Z,8778.087048,38.7,2014-01-17,False
2014-01-17T01:30:00Z,8907.127552,39.7,2014-01-17,False
2014-01-17T02:00:00Z,9017.658998,40.6,2014-01-17,False
2014-01-17T02:30:00Z,9098.296198,41.5,2014-01-17,False
2014-01-17T03:00:00Z,9140.979038,41.2,2014-01-17,False
2014-01-17T03:30:00Z,9176.707234,42.0,2014-01-17,False
2014-01-17T04:00:00Z,9205.60378,42.3,2014-01-17,False
2014-01-17T04:30:00Z,9256.938174,42.4,2014-01-17,False
2014-01-17T05:00:00Z,9283.478206,43.1,2014-01-17,False
2014-01-17T05:30:00Z,9221.861536,43.1,2014-01-17,False
2014-01-17T06:00:00Z,9001.983754,35.0,2014-01-17,False
2014-01-17T06:30:00Z,8702.770224,32.0,2014-01-17,False
2014-01-17T07:00:00Z,8170.069846,31.1,2014-01-17,False
2014-01-17T07:30:00Z,7818.38486,30.3,2014-01-17,False
2014-01-17T08:00:00Z,7538.851318,29.7,2014-01-17,False
2014-01-17T08:30:00Z,7236.866072,28.5,2014-01-17,False
2014-01-27T23:30:00Z,7053.20779,32.3,2014-01-28,False
2014-01-28T00:00:00Z,7273.420454,33.6,2014-01-28,False
2014-01-28T00:30:00Z,7489.234392,33.9,2014-01-28,False
2014-01-28T01:00:00Z,7688.985824,34.5,2014-01-28,False
2014-01-28T01:30:00Z,7902.529586,34.9,2014-01-28,False
2014-01-28T02:00:00Z,8093.689712,35.5,2014-01-28,False
2014-01-28T02:30:00Z,8276.650944,36.1,2014-01-28,False
2014-01-28T03:00:00Z,8448.313846,37.1,2014-01-28,False
2014-01-28T03:30:00Z,8595.43752,36.9,2014-01-28,False
2014-01-28T04:00:00Z,8753.984308,38.8,2014-01-28,False
2014-01-28T04:30:00Z,8896.89414,39.3,2014-01-28,False
2014-01-28T05:00:00Z,9038.300572,39.5,2014-01-28,False
2014-01-28T05:30:00Z,9168.525732,40.0,2014-01-28,False
2014-01-28T06:00:00Z,9216.343836,41.0,2014-01-28,False
2014-01-28T06:30:00Z,9180.180324,41.4,2014-01-28,False
2014-01-28T07:00:00Z,8964.1245,41.4,2014-01-28,False
2014-01-28T07:30:00Z,8813.715368,40.7,2014-01-28,False
2014-01-28T08:00:00Z,8397.653934,40.6,2014-01-28,False
2014-01-28T08:30:00Z,7950.821208,31.5,2014-01-28,False
2014-01-28T09:00:00Z,7431.896264,29.5,2014-01-28,False
2014-01-30T05:30:00Z,7023.870892,26.5,2014-01-30,False
2014-01-30T06:00:00Z,7054.349344,27.4,2014-01-30,False
2014-01-30T06:30:00Z,7063.208604,27.6,2014-01-30,False
2014-02-02T04:30:00Z,7114.21456,35.4,2014-02-02,False
2014-02-02T05:00:00Z,7293.324008,36.6,2014-02-02,False
2014-02-02T05:30:00Z,7466.457976,36.5,2014-02-02,False
2014-02-02T06:00:00Z,7586.056524,37.1,2014-02-02,False
2014-02-02T06:30:00Z,7733.051756,38.6,2014-02-02,False
2014-02-02T07:00:00Z,7797.325086,38.4,2014-02-02,False
2014-02-02T07:30:00Z,7810.57959,38.4,2014-02-02,False
2014-02-02T08:00:00Z,7754.235142,35.5,2014-02-02,False
2014-02-02T08:30:00Z,7626.938496,34.8,2014-02-02,False
2014-02-02T09:00:00Z,7427.262704,34.0,2014-02-02,False
2014-02-02T09:30:00Z,7301.125492,34.1,2014-02-02,False
2014-02-02T10:00:00Z,7161.523046,34.5,2014-02-02,False
2014-02-02T23:30:00Z,7117.19788,33.0,2014-02-03,False
2014-02-03T00:00:00Z,7187.95059,33.9,2014-02-03,False
2014-02-03T00:30:00Z,7179.330896,29.1,2014-02-03,False
2014-02-03T01:00:00Z,7140.766002,26.8,2014-02-03,False
2014-02-03T01:30:00Z,7029.46533,27.0,2014-02-03,False
2014-02-06T04:00:00Z,7102.225,33.4,2014-02-06,False
2014-02-06T04:30:00Z,7288.999008,33.9,2014-02-06,False
2014-02-06T05:00:00Z,7532.595728,34.4,2014-02-06,False
2014-02-06T05:30:00Z,7697.254538,34.2,2014-02-06,False
2014-02-06T06:00:00Z,7800.893422,34.9,2014-02-06,False
2014-02-06T06:30:00Z,7888.18676,34.7,2014-02-06,False
2014-02-06T07:00:00Z,7796.821044,35.0,2014-02-06,False
2014-02-06T07:30:00Z,7720.482494,35.1,2014-02-06,False
2014-02-06T08:00:00Z,7525.978684,34.0,2014-02-06,False
2014-02-06T08:30:00Z,7347.940356,33.5,2014-02-06,False
2014-02-06T09:00:00Z,7127.506268,33.4,2014-02-06,False
2014-02-07T01:00:00Z,7141.428032,34.0,2014-02-07,False
2014-02-07T01:30:00Z,7320.08819,34.5,2014-02-07,False
2014-02-07T02:00:00Z,7479.676744,35.0,2014-02-07,False
2014-02-07T02:30:00Z,7590.6247,35.6,2014-02-07,False
2014-02-07T03:00:00Z,7594.155192,30.3,2014-02-07,False
2014-02-07T03:30:00Z,7598.922024,26.5,2014-02-07,False
2014-02-07T04:00:00Z,7574.8933,27.6,2014-02-07,False
2014-02-07T04:30:00Z,7549.596308,26.9,2014-02-07,False
2014-02-07T05:00:00Z,7591.191658,26.4,2014-02-07,False
2014-02-07T05:30:00Z,7626.65539,26.8,2014-02-07,False
2014-02-07T06:00:00Z,7569.55637,25.8,2014-02-07,False
2014-02-07T06:30:00Z,7498.812932,25.7,2014-02-07,False
2014-02-07T07:00:00Z,7256.163936,25.8,2014-02-07,False
2014-02-08T03:30:00Z,7029.091194,35.0,2014-02-08,False
2014-02-08T04:00:00Z,7220.863174,36.1,2014-02-08,False
2014-02-08T04:30:00Z,7414.823098,37.6,2014-02-08,False
2014-02-08T05:00:00Z,7559.065408,38.8,2014-02-08,False
2014-02-08T05:30:00Z,7690.41053,39.7,2014-02-08,False
2014-02-08T06:00:00Z,7766.099842,40.0,2014-02-08,False
2014-02-08T06:30:00Z,7819.034416,40.0,2014-02-08,False
2014-02-08T07:00:00Z,7787.380724,39.6,2014-02-08,False
2014-02-08T07:30:00Z,7733.306862,39.3,2014-02-08,False
2014-02-08T08:00:00Z,7600.647766,38.5,2014-02-08,False
2014-02-08T08:30:00Z,7418.587786,39.4,2014-02-08,False
2014-02-08T09:00:00Z,7205.745548,38.3,2014-02-08,False
2014-02-08T09:30:00Z,7083.380762,37.2,2014-02-08,False
